[{"model": "admin.logentry", "pk": 1, "fields": {"action_time": "2025-09-24T12:05:53.086Z", "user": 1, "content_type": 7, "object_id": "1", "object_repr": "Delfiny", "action_flag": 2, "change_message": "[{\"changed\": {\"fields\": [\"Image\"]}}]"}}, {"model": "admin.logentry", "pk": 2, "fields": {"action_time": "2025-09-24T14:15:09.339Z", "user": 1, "content_type": 7, "object_id": "2", "object_repr": "maroko", "action_flag": 2, "change_message": "[{\"changed\": {\"fields\": [\"Image\"]}}]"}}, {"model": "admin.logentry", "pk": 3, "fields": {"action_time": "2025-09-24T14:21:12.457Z", "user": 1, "content_type": 7, "object_id": "3", "object_repr": "neural_networks", "action_flag": 2, "change_message": "[{\"changed\": {\"fields\": [\"Image\"]}}]"}}, {"model": "auth.permission", "pk": 1, "fields": {"name": "Can add log entry", "content_type": 1, "codename": "add_logentry"}}, {"model": "auth.permission", "pk": 2, "fields": {"name": "Can change log entry", "content_type": 1, "codename": "change_logentry"}}, {"model": "auth.permission", "pk": 3, "fields": {"name": "Can delete log entry", "content_type": 1, "codename": "delete_logentry"}}, {"model": "auth.permission", "pk": 4, "fields": {"name": "Can view log entry", "content_type": 1, "codename": "view_logentry"}}, {"model": "auth.permission", "pk": 5, "fields": {"name": "Can add permission", "content_type": 2, "codename": "add_permission"}}, {"model": "auth.permission", "pk": 6, "fields": {"name": "Can change permission", "content_type": 2, "codename": "change_permission"}}, {"model": "auth.permission", "pk": 7, "fields": {"name": "Can delete permission", "content_type": 2, "codename": "delete_permission"}}, {"model": "auth.permission", "pk": 8, "fields": {"name": "Can view permission", "content_type": 2, "codename": "view_permission"}}, {"model": "auth.permission", "pk": 9, "fields": {"name": "Can add group", "content_type": 3, "codename": "add_group"}}, {"model": "auth.permission", "pk": 10, "fields": {"name": "Can change group", "content_type": 3, "codename": "change_group"}}, {"model": "auth.permission", "pk": 11, "fields": {"name": "Can delete group", "content_type": 3, "codename": "delete_group"}}, {"model": "auth.permission", "pk": 12, "fields": {"name": "Can view group", "content_type": 3, "codename": "view_group"}}, {"model": "auth.permission", "pk": 13, "fields": {"name": "Can add user", "content_type": 4, "codename": "add_user"}}, {"model": "auth.permission", "pk": 14, "fields": {"name": "Can change user", "content_type": 4, "codename": "change_user"}}, {"model": "auth.permission", "pk": 15, "fields": {"name": "Can delete user", "content_type": 4, "codename": "delete_user"}}, {"model": "auth.permission", "pk": 16, "fields": {"name": "Can view user", "content_type": 4, "codename": "view_user"}}, {"model": "auth.permission", "pk": 17, "fields": {"name": "Can add content type", "content_type": 5, "codename": "add_contenttype"}}, {"model": "auth.permission", "pk": 18, "fields": {"name": "Can change content type", "content_type": 5, "codename": "change_contenttype"}}, {"model": "auth.permission", "pk": 19, "fields": {"name": "Can delete content type", "content_type": 5, "codename": "delete_contenttype"}}, {"model": "auth.permission", "pk": 20, "fields": {"name": "Can view content type", "content_type": 5, "codename": "view_contenttype"}}, {"model": "auth.permission", "pk": 21, "fields": {"name": "Can add session", "content_type": 6, "codename": "add_session"}}, {"model": "auth.permission", "pk": 22, "fields": {"name": "Can change session", "content_type": 6, "codename": "change_session"}}, {"model": "auth.permission", "pk": 23, "fields": {"name": "Can delete session", "content_type": 6, "codename": "delete_session"}}, {"model": "auth.permission", "pk": 24, "fields": {"name": "Can view session", "content_type": 6, "codename": "view_session"}}, {"model": "auth.permission", "pk": 25, "fields": {"name": "Can add text", "content_type": 7, "codename": "add_text"}}, {"model": "auth.permission", "pk": 26, "fields": {"name": "Can change text", "content_type": 7, "codename": "change_text"}}, {"model": "auth.permission", "pk": 27, "fields": {"name": "Can delete text", "content_type": 7, "codename": "delete_text"}}, {"model": "auth.permission", "pk": 28, "fields": {"name": "Can view text", "content_type": 7, "codename": "view_text"}}, {"model": "auth.permission", "pk": 29, "fields": {"name": "Can add sentence", "content_type": 8, "codename": "add_sentence"}}, {"model": "auth.permission", "pk": 30, "fields": {"name": "Can change sentence", "content_type": 8, "codename": "change_sentence"}}, {"model": "auth.permission", "pk": 31, "fields": {"name": "Can delete sentence", "content_type": 8, "codename": "delete_sentence"}}, {"model": "auth.permission", "pk": 32, "fields": {"name": "Can view sentence", "content_type": 8, "codename": "view_sentence"}}, {"model": "auth.permission", "pk": 33, "fields": {"name": "Can add fill mask answer", "content_type": 9, "codename": "add_fillmaskanswer"}}, {"model": "auth.permission", "pk": 34, "fields": {"name": "Can change fill mask answer", "content_type": 9, "codename": "change_fillmaskanswer"}}, {"model": "auth.permission", "pk": 35, "fields": {"name": "Can delete fill mask answer", "content_type": 9, "codename": "delete_fillmaskanswer"}}, {"model": "auth.permission", "pk": 36, "fields": {"name": "Can view fill mask answer", "content_type": 9, "codename": "view_fillmaskanswer"}}, {"model": "auth.permission", "pk": 37, "fields": {"name": "Can add fill mask data", "content_type": 10, "codename": "add_fillmaskdata"}}, {"model": "auth.permission", "pk": 38, "fields": {"name": "Can change fill mask data", "content_type": 10, "codename": "change_fillmaskdata"}}, {"model": "auth.permission", "pk": 39, "fields": {"name": "Can delete fill mask data", "content_type": 10, "codename": "delete_fillmaskdata"}}, {"model": "auth.permission", "pk": 40, "fields": {"name": "Can view fill mask data", "content_type": 10, "codename": "view_fillmaskdata"}}, {"model": "auth.permission", "pk": 41, "fields": {"name": "Can add quiz", "content_type": 11, "codename": "add_quiz"}}, {"model": "auth.permission", "pk": 42, "fields": {"name": "Can change quiz", "content_type": 11, "codename": "change_quiz"}}, {"model": "auth.permission", "pk": 43, "fields": {"name": "Can delete quiz", "content_type": 11, "codename": "delete_quiz"}}, {"model": "auth.permission", "pk": 44, "fields": {"name": "Can view quiz", "content_type": 11, "codename": "view_quiz"}}, {"model": "auth.user", "pk": 1, "fields": {"password": "pbkdf2_sha256$600000$nXixHHnn7aJioHDIXO5kOm$axlS3vwRviiKipoRedXyMHTKM7V+l6y8kp0vZL0SWx4=", "last_login": "2025-09-28T13:37:20.021Z", "is_superuser": true, "username": "marcin", "first_name": "", "last_name": "", "email": "", "is_staff": true, "is_active": true, "date_joined": "2025-09-17T15:19:01.822Z", "groups": [], "user_permissions": []}}, {"model": "contenttypes.contenttype", "pk": 1, "fields": {"app_label": "admin", "model": "logentry"}}, {"model": "contenttypes.contenttype", "pk": 2, "fields": {"app_label": "auth", "model": "permission"}}, {"model": "contenttypes.contenttype", "pk": 3, "fields": {"app_label": "auth", "model": "group"}}, {"model": "contenttypes.contenttype", "pk": 4, "fields": {"app_label": "auth", "model": "user"}}, {"model": "contenttypes.contenttype", "pk": 5, "fields": {"app_label": "contenttypes", "model": "contenttype"}}, {"model": "contenttypes.contenttype", "pk": 6, "fields": {"app_label": "sessions", "model": "session"}}, {"model": "contenttypes.contenttype", "pk": 7, "fields": {"app_label": "quiz", "model": "text"}}, {"model": "contenttypes.contenttype", "pk": 8, "fields": {"app_label": "quiz", "model": "sentence"}}, {"model": "contenttypes.contenttype", "pk": 9, "fields": {"app_label": "quiz", "model": "fillmaskanswer"}}, {"model": "contenttypes.contenttype", "pk": 10, "fields": {"app_label": "quiz", "model": "fillmaskdata"}}, {"model": "contenttypes.contenttype", "pk": 11, "fields": {"app_label": "quiz", "model": "quiz"}}, {"model": "sessions.session", "pk": "82no360dvf5eatf1ghervg728e6lkqzc", "fields": {"session_data": ".eJxVjEEOwiAQRe_C2pCWGVrGpXvPQIYBpGpoUtqV8e7apAvd_vfefynP21r81tLip6jOqlen3y2wPFLdQbxzvc1a5rouU9C7og_a9HWO6Xk53L-Dwq18axAk6IEYxQRnY3BgaOhoQOgI0DpkMcKcRZwFxGxQKDOCo5FgZPX-ALquNvM:1v2raa:hnfAFBIy2Qxxou55VMIeN7jMwZ3mq8qniQJ3NdFqea4", "expire_date": "2025-10-12T13:37:20.038Z"}}, {"model": "sessions.session", "pk": "b4nmilm3la9irgdlzytkqz4l52nih0l0", "fields": {"session_data": ".eJxVjEEOwiAQRe_C2pCWGVrGpXvPQIYBpGpoUtqV8e7apAvd_vfefynP21r81tLip6jOqlen3y2wPFLdQbxzvc1a5rouU9C7og_a9HWO6Xk53L-Dwq18axAk6IEYxQRnY3BgaOhoQOgI0DpkMcKcRZwFxGxQKDOCo5FgZPX-ALquNvM:1uytwL:-jEn-dbA2uZqFRLpOFao1qtCUas6GR-tLBnxMXHD6nQ", "expire_date": "2025-10-01T15:19:25.711Z"}}, {"model": "quiz.text", "pk": 1, "fields": {"title": "Delfiny", "image": "text_images/delfin.webp"}}, {"model": "quiz.text", "pk": 2, "fields": {"title": "maroko", "image": "text_images/maroko.webp"}}, {"model": "quiz.text", "pk": 3, "fields": {"title": "neural_networks", "image": "text_images/nn.webp"}}, {"model": "quiz.sentence", "pk": 1, "fields": {"text": 1, "sentence": "Delfiny to jedne z najbardziej inteligentnych i fascynujących ssaków morskich, należących do rodziny waleni, blisko spokrewnione z wielorybami i morświnami", "quiz": null}}, {"model": "quiz.sentence", "pk": 2, "fields": {"text": 1, "sentence": "Zamieszkują niemal wszystkie oceany i morza świata, preferując ciepłe i umiarkowane wody", "quiz": null}}, {"model": "quiz.sentence", "pk": 3, "fields": {"text": 1, "sentence": "Są zwierzętami stadnymi – żyją w grupach zwanych stadami lub ławicami, które mogą liczyć od kilku do nawet kilkuset osobników", "quiz": null}}, {"model": "quiz.sentence", "pk": 4, "fields": {"text": 1, "sentence": "Delfiny słyną ze swojej niezwykłej inteligencji, umiejętności uczenia się, zapamiętywania oraz naśladowania dźwięków i ruchów", "quiz": null}}, {"model": "quiz.sentence", "pk": 5, "fields": {"text": 1, "sentence": "Komunikują się za pomocą szerokiego repertuaru gwizdów, klików i pisków, tworząc coś na kształt własnego języka", "quiz": null}}, {"model": "quiz.sentence", "pk": 6, "fields": {"text": 1, "sentence": "Wykorzystują echolokację, czyli emitowanie fal dźwiękowych odbijających się od przeszkód, co pozwala im skutecznie polować i orientować się w morskiej przestrzeni", "quiz": null}}, {"model": "quiz.sentence", "pk": 7, "fields": {"text": 1, "sentence": "Ich dieta składa się głównie z ryb i kałamarnic, które łowią często w sposób zespołowy, współpracując ze sobą", "quiz": null}}, {"model": "quiz.sentence", "pk": 8, "fields": {"text": 1, "sentence": "Delfiny potrafią wyskakiwać wysoko nad powierzchnię wody, co może służyć zarówno zabawie, jak i komunikacji czy dezorientowaniu ofiar", "quiz": null}}, {"model": "quiz.sentence", "pk": 9, "fields": {"text": 1, "sentence": "Mają doskonały wzrok i słuch, choć ich węch jest słabo rozwinięty", "quiz": null}}, {"model": "quiz.sentence", "pk": 10, "fields": {"text": 1, "sentence": "Charakteryzują się smukłym, hydrodynamicznym ciałem, dzięki czemu są bardzo szybkie i zwinne – mogą osiągać prędkość do 60 km/h", "quiz": null}}, {"model": "quiz.sentence", "pk": 11, "fields": {"text": 1, "sentence": "Oddychają powietrzem atmosferycznym przez otwór nosowy zwany nozdrzem, umieszczony na czubku głowy", "quiz": null}}, {"model": "quiz.sentence", "pk": 12, "fields": {"text": 1, "sentence": "Są zwierzętami ciepłokrwistymi, a ich skóra pokryta jest warstwą tłuszczu, która izoluje je od zimna", "quiz": null}}, {"model": "quiz.sentence", "pk": 13, "fields": {"text": 1, "sentence": "Delfiny wykazują zachowania altruistyczne, często pomagając rannym towarzyszom, a nawet ludziom znajdującym się w niebezpieczeństwie", "quiz": null}}, {"model": "quiz.sentence", "pk": 14, "fields": {"text": 1, "sentence": "Znane są przypadki, gdy delfiny chroniły pływaków przed rekinami, tworząc wokół nich krąg ochronny", "quiz": null}}, {"model": "quiz.sentence", "pk": 15, "fields": {"text": 1, "sentence": "Rozmnażają się poprzez żyworodność – młode rodzą się w wodzie i od razu muszą wypłynąć na powierzchnię, aby zaczerpnąć powietrza", "quiz": null}}, {"model": "quiz.sentence", "pk": 16, "fields": {"text": 1, "sentence": "Cielęta są karmione mlekiem matki przez kilka miesięcy, a więzi rodzinne bywają bardzo silne", "quiz": null}}, {"model": "quiz.sentence", "pk": 17, "fields": {"text": 1, "sentence": "Przeciętna długość życia delfinów wynosi około 20–40 lat, choć niektóre gatunki dożywają ponad 50 lat", "quiz": null}}, {"model": "quiz.sentence", "pk": 18, "fields": {"text": 1, "sentence": "Najbardziej znanym gatunkiem jest delfin butlonosy, często spotykany w delfinariach i badaniach naukowych", "quiz": null}}, {"model": "quiz.sentence", "pk": 19, "fields": {"text": 1, "sentence": "Delfiny są zwierzętami niezwykle ciekawskimi, często podpływają do statków i surfują na falach dziobowych", "quiz": null}}, {"model": "quiz.sentence", "pk": 20, "fields": {"text": 1, "sentence": "Niestety, są także zagrożone przez działalność człowieka – połowy rybne, zanieczyszczenia oceanów, hałas podwodny oraz zmiany klimatyczne wpływają na ich populacje", "quiz": null}}, {"model": "quiz.sentence", "pk": 21, "fields": {"text": 2, "sentence": "Maroko to fascynujący kraj położony w północno-zachodniej Afryce, u wybrzeży Oceanu Atlantyckiego i Morza Śródziemnego, który łączy w sobie bogactwo kultur arabskich, berberyjskich i francuskich", "quiz": null}}, {"model": "quiz.sentence", "pk": 22, "fields": {"text": 2, "sentence": "Stolicą jest Rabat, ale najbardziej znanym miastem pozostaje Marrakesz, przyciągający turystów kolorowymi bazarami, zapachem przypraw i gwarą ulicznych targów", "quiz": null}}, {"model": "quiz.sentence", "pk": 23, "fields": {"text": 2, "sentence": "Casablanca z kolei uchodzi za centrum gospodarcze i nowoczesne serce kraju, podczas gdy Fez słynie z najstarszego uniwersytetu świata i labiryntu średniowiecznych uliczek", "quiz": null}}, {"model": "quiz.sentence", "pk": 24, "fields": {"text": 2, "sentence": "Maroko zachwyca różnorodnością krajobrazów – od złotych plaż Agadiru, przez zielone doliny gór Atlasu, aż po pustynne wydmy Sahary, które wieczorem nabierają odcieni pomarańczu i czerwieni", "quiz": null}}, {"model": "quiz.sentence", "pk": 25, "fields": {"text": 2, "sentence": "Jest to monarchia konstytucyjna, a obecnym królem jest Mohammed VI, który odgrywa istotną rolę w życiu politycznym i religijnym kraju", "quiz": null}}, {"model": "quiz.sentence", "pk": 26, "fields": {"text": 2, "sentence": "Mieszkańcy Maroka posługują się głównie językiem arabskim i berberyjskim, a francuski pozostaje ważnym językiem administracji i biznesu", "quiz": null}}, {"model": "quiz.sentence", "pk": 27, "fields": {"text": 2, "sentence": "Religia dominująca to islam, co znajduje odzwierciedlenie w architekturze, sztuce i codziennym rytmie życia", "quiz": null}}, {"model": "quiz.sentence", "pk": 28, "fields": {"text": 2, "sentence": "Kuchnia marokańska słynie z bogactwa smaków – popularne są tagine, kuskus, miętowa herbata i słodkie wypieki", "quiz": null}}, {"model": "quiz.sentence", "pk": 29, "fields": {"text": 2, "sentence": "Marokańczycy słyną z gościnności, a tradycyjna herbata podawana jest niemal przy każdej okazji towarzyskiej", "quiz": null}}, {"model": "quiz.sentence", "pk": 30, "fields": {"text": 2, "sentence": "Kraj posiada także imponujące dziedzictwo architektoniczne – medyny, kasby, pałace i meczety stanowią świadectwo jego wielowiekowej historii", "quiz": null}}, {"model": "quiz.sentence", "pk": 31, "fields": {"text": 2, "sentence": "W Marrakeszu szczególne wrażenie robi plac Jemaa el-Fna, gdzie codziennie spotkać można zaklinaczy węży, tancerzy, muzyków i kucharzy", "quiz": null}}, {"model": "quiz.sentence", "pk": 32, "fields": {"text": 2, "sentence": "Maroko odgrywało ważną rolę w handlu transsaharyjskim, a jego miasta były centrami wymiany towarów, wiedzy i idei", "quiz": null}}, {"model": "quiz.sentence", "pk": 33, "fields": {"text": 2, "sentence": "Obecnie kraj rozwija się dynamicznie, stawiając na turystykę, rolnictwo i energetykę odnawialną, zwłaszcza farmy słoneczne", "quiz": null}}, {"model": "quiz.sentence", "pk": 34, "fields": {"text": 2, "sentence": "Maroko jest też znane z rękodzieła – dywanów, ceramiki i skórzanych wyrobów, które powstają w tradycyjnych warsztatach", "quiz": null}}, {"model": "quiz.sentence", "pk": 35, "fields": {"text": 2, "sentence": "Popularnym celem turystycznym jest Szefszawan, słynący z niebieskich uliczek, które wyglądają jak sceneria z bajki", "quiz": null}}, {"model": "quiz.sentence", "pk": 36, "fields": {"text": 2, "sentence": "Góry Atlas przyciągają miłośników trekkingu i sportów zimowych, a Sahara oferuje niezapomniane wyprawy na wielbłądach i noclegi pod gwiazdami", "quiz": null}}, {"model": "quiz.sentence", "pk": 37, "fields": {"text": 2, "sentence": "Maroko jest też miejscem spotkania Europy i Afryki – przez Cieśninę Gibraltarską widać wybrzeże Hiszpanii, a wpływy europejskie są widoczne w wielu aspektach życia", "quiz": null}}, {"model": "quiz.sentence", "pk": 38, "fields": {"text": 2, "sentence": "Kraj szczyci się bogatą tradycją muzyczną, w której przeplatają się dźwięki arabskie, berberyjskie i andaluzyjskie", "quiz": null}}, {"model": "quiz.sentence", "pk": 39, "fields": {"text": 2, "sentence": "Marokańska sztuka często pełna jest geometrycznych wzorów, kaligrafii i kolorowych mozaik", "quiz": null}}, {"model": "quiz.sentence", "pk": 40, "fields": {"text": 2, "sentence": "W polityce zagranicznej Maroko odgrywa rolę pomostu między światem arabskim a Europą, a także partnera w afrykańskich inicjatywach gospodarczych", "quiz": null}}, {"model": "quiz.sentence", "pk": 41, "fields": {"text": 3, "sentence": "Sieci neuronowe to jedna z najważniejszych gałęzi sztucznej inteligencji, inspirowana działaniem ludzkiego mózgu, w którym neurony przetwarzają i przekazują sygnały", "quiz": null}}, {"model": "quiz.sentence", "pk": 42, "fields": {"text": 3, "sentence": "Składają się z warstw sztucznych neuronów połączonych między sobą – warstwy wejściowej, jednej lub wielu warstw ukrytych oraz warstwy wyjściowej", "quiz": null}}, {"model": "quiz.sentence", "pk": 43, "fields": {"text": 3, "sentence": "Każdy neuron otrzymuje sygnały, mnoży je przez przypisane wagi, sumuje i przepuszcza przez funkcję aktywacji, co pozwala modelowi uchwycić nieliniowe zależności", "quiz": null}}, {"model": "quiz.sentence", "pk": 44, "fields": {"text": 3, "sentence": "Dzięki temu sieci neuronowe potrafią rozpoznawać wzorce w danych, które byłyby trudne do zauważenia dla tradycyjnych algorytmów", "quiz": null}}, {"model": "quiz.sentence", "pk": 45, "fields": {"text": 3, "sentence": "Uczą się na podstawie przykładów – w procesie zwanym uczeniem maszynowym, gdzie poprzez metodę propagacji wstecznej korygowane są wagi neuronów w celu zmniejszenia błędów", "quiz": null}}, {"model": "quiz.sentence", "pk": 46, "fields": {"text": 3, "sentence": "Istnieją różne rodzaje sieci, m", "quiz": null}}, {"model": "quiz.sentence", "pk": 47, "fields": {"text": 3, "sentence": "in", "quiz": null}}, {"model": "quiz.sentence", "pk": 48, "fields": {"text": 3, "sentence": "perceptrony wielowarstwowe (MLP), sieci konwolucyjne (CNN) świetne w rozpoznawaniu obrazów, czy rekurencyjne (RNN) przeznaczone do analizy sekwencji, takich jak tekst czy mowa", "quiz": null}}, {"model": "quiz.sentence", "pk": 49, "fields": {"text": 3, "sentence": "Sieci głębokie, składające się z wielu warstw, tworzą podstawę tzw", "quiz": null}}, {"model": "quiz.sentence", "pk": 50, "fields": {"text": 3, "sentence": "deep learningu, który zrewolucjonizował rozpoznawanie obrazów, tłumaczenia automatyczne czy sterowanie pojazdami autonomicznymi", "quiz": null}}, {"model": "quiz.sentence", "pk": 51, "fields": {"text": 3, "sentence": "Zastosowania sieci neuronowych są dziś niezwykle szerokie – od diagnostyki medycznej i przewidywania chorób, przez generowanie obrazów i muzyki, aż po chatboty i tłumaczenia maszynowe", "quiz": null}}, {"model": "quiz.sentence", "pk": 52, "fields": {"text": 3, "sentence": "Choć ich możliwości są ogromne, sieci neuronowe wymagają dużych ilości danych i mocy obliczeniowej, co stało się możliwe dopiero dzięki rozwojowi kart graficznych i specjalistycznych procesorów", "quiz": null}}, {"model": "quiz.sentence", "pk": 53, "fields": {"text": 3, "sentence": "Jedną z ich zalet jest zdolność do generalizacji, czyli wyciągania wniosków z danych, których wcześniej nie widziały, choć przy złym doborze parametrów mogą „przeuczyć się” i działać dobrze tylko na przykładach treningowych", "quiz": null}}, {"model": "quiz.sentence", "pk": 54, "fields": {"text": 3, "sentence": "Ciekawym aspektem jest tzw", "quiz": null}}, {"model": "quiz.sentence", "pk": 55, "fields": {"text": 3, "sentence": "czarna skrzynka – sieci potrafią dawać świetne wyniki, ale trudno zrozumieć, jak dokładnie doszły do decyzji, co rodzi pytania o przejrzystość i etykę", "quiz": null}}, {"model": "quiz.sentence", "pk": 56, "fields": {"text": 3, "sentence": "W świecie nauki i biznesu sieci neuronowe stały się podstawowym narzędziem do pracy z Big Data, przewidywania trendów czy personalizacji usług", "quiz": null}}, {"model": "quiz.sentence", "pk": 57, "fields": {"text": 3, "sentence": "Inspirują także badaczy do tworzenia coraz bardziej zaawansowanych architektur, takich jak transformery, które obecnie dominują w przetwarzaniu języka naturalnego", "quiz": null}}, {"model": "quiz.sentence", "pk": 58, "fields": {"text": 3, "sentence": "Dzięki nim powstały modele zdolne do pisania tekstów, odpowiadania na pytania czy tworzenia kodu komputerowego", "quiz": null}}, {"model": "quiz.sentence", "pk": 59, "fields": {"text": 3, "sentence": "Rozwój sieci neuronowych jest tak szybki, że ich obecne możliwości często wydają się przypominać science fiction, choć wciąż opierają się na matematyce, statystyce i wielu godzinach treningu na ogromnych zbiorach danych", "quiz": null}}, {"model": "quiz.sentence", "pk": 60, "fields": {"text": 3, "sentence": "Wraz z ich popularyzacją pojawiają się również pytania o odpowiedzialność, wpływ na rynek pracy i potencjalne ryzyka związane z ich użyciem", "quiz": null}}, {"model": "quiz.fillmaskdata", "pk": 1, "fields": {"sentence": 1, "mask_index": 19, "mask_str": "morświnami", "option1_str": ".", "option1_score": 0.9612, "option2_str": ",", "option2_score": 0.0118, "option3_str": "…", "option3_score": 0.0086}}, {"model": "quiz.fillmaskdata", "pk": 2, "fields": {"sentence": 2, "mask_index": 5, "mask_str": "morza", "option1_str": "wody", "option1_score": 0.2232, "option2_str": "wyspy", "option2_score": 0.1668, "option3_str": "kraje", "option3_score": 0.0591}}, {"model": "quiz.fillmaskdata", "pk": 3, "fields": {"sentence": 3, "mask_index": 2, "mask_str": "stadnymi", "option1_str": "dużymi", "option1_score": 0.1925, "option2_str": "małymi", "option2_score": 0.0976, "option3_str": "młodymi", "option3_score": 0.0723}}, {"model": "quiz.fillmaskdata", "pk": 4, "fields": {"sentence": 4, "mask_index": 7, "mask_str": "uczenia", "option1_str": "uczenia", "option1_score": 0.9956, "option2_str": "liczenia", "option2_score": 0.0007, "option3_str": "łączenia", "option3_score": 0.0007}}, {"model": "quiz.fillmaskdata", "pk": 5, "fields": {"sentence": 5, "mask_index": 12, "mask_str": "na", "option1_str": "w", "option1_score": 0.4061, "option2_str": "na", "option2_score": 0.2552, "option3_str": "nowego", "option3_score": 0.0269}}, {"model": "quiz.fillmaskdata", "pk": 6, "fields": {"sentence": 6, "mask_index": 13, "mask_str": "skutecznie", "option1_str": "bezpiecznie", "option1_score": 0.1571, "option2_str": "swobodnie", "option2_score": 0.1066, "option3_str": "na", "option3_score": 0.0506}}, {"model": "quiz.fillmaskdata", "pk": 7, "fields": {"sentence": 7, "mask_index": 17, "mask_str": "sobą", "option1_str": ".", "option1_score": 0.4805, "option2_str": ",", "option2_score": 0.1729, "option3_str": "…", "option3_score": 0.1467}}, {"model": "quiz.fillmaskdata", "pk": 8, "fields": {"sentence": 8, "mask_index": 11, "mask_str": "zabawie,", "option1_str": "do", "option1_score": 0.174, "option2_str": "w", "option2_score": 0.1577, "option3_str": "jako", "option3_score": 0.0825}}, {"model": "quiz.fillmaskdata", "pk": 9, "fields": {"sentence": 9, "mask_index": 8, "mask_str": "jest", "option1_str": "jest", "option1_score": 0.9392, "option2_str": "bywa", "option2_score": 0.0087, "option3_str": "ma", "option3_score": 0.007}}, {"model": "quiz.fillmaskdata", "pk": 10, "fields": {"sentence": 10, "mask_index": 18, "mask_str": "km/h", "option1_str": "km", "option1_score": 0.4308, "option2_str": "%", "option2_score": 0.1305, "option3_str": ".", "option3_score": 0.0535}}, {"model": "quiz.fillmaskdata", "pk": 11, "fields": {"sentence": 11, "mask_index": 1, "mask_str": "powietrzem", "option1_str": "powietrzem", "option1_score": 0.7498, "option2_str": "gazem", "option2_score": 0.0757, "option3_str": "środowiskiem", "option3_score": 0.0291}}, {"model": "quiz.fillmaskdata", "pk": 12, "fields": {"sentence": 12, "mask_index": 2, "mask_str": "ciepłokrwistymi,", "option1_str": ",", "option1_score": 0.2794, "option2_str": ":", "option2_score": 0.2776, "option3_str": "z", "option3_score": 0.0364}}, {"model": "quiz.fillmaskdata", "pk": 13, "fields": {"sentence": 13, "mask_index": 11, "mask_str": "znajdującym", "option1_str": "znajdującym", "option1_score": 0.9584, "option2_str": "znajdujących", "option2_score": 0.0126, "option3_str": "znajduje", "option3_score": 0.0072}}, {"model": "quiz.fillmaskdata", "pk": 14, "fields": {"sentence": 14, "mask_index": 6, "mask_str": "pływaków", "option1_str": "przed", "option1_score": 0.6533, "option2_str": "się", "option2_score": 0.1423, "option3_str": "je", "option3_score": 0.0196}}, {"model": "quiz.fillmaskdata", "pk": 15, "fields": {"sentence": 15, "mask_index": 16, "mask_str": "powierzchnię,", "option1_str": "zewnątrz", "option1_score": 0.1881, "option2_str": ",", "option2_score": 0.111, "option3_str": "brzeg", "option3_score": 0.0745}}, {"model": "quiz.fillmaskdata", "pk": 16, "fields": {"sentence": 16, "mask_index": 6, "mask_str": "kilka", "option1_str": "6", "option1_score": 0.2065, "option2_str": "12", "option2_score": 0.1437, "option3_str": "kilka", "option3_score": 0.1398}}, {"model": "quiz.fillmaskdata", "pk": 17, "fields": {"sentence": 17, "mask_index": 0, "mask_str": "Przeciętna", "option1_str": "Średnia", "option1_score": 0.8241, "option2_str": "Zazwyczaj", "option2_score": 0.0522, "option3_str": "średnia", "option3_score": 0.0271}}, {"model": "quiz.fillmaskdata", "pk": 18, "fields": {"sentence": 18, "mask_index": 12, "mask_str": "naukowych", "option1_str": ".", "option1_score": 0.8259, "option2_str": "naukowych", "option2_score": 0.0453, "option3_str": "…", "option3_score": 0.0268}}, {"model": "quiz.fillmaskdata", "pk": 19, "fields": {"sentence": 19, "mask_index": 11, "mask_str": "na", "option1_str": "na", "option1_score": 0.7112, "option2_str": "po", "option2_score": 0.2592, "option3_str": "w", "option3_score": 0.0236}}, {"model": "quiz.fillmaskdata", "pk": 20, "fields": {"sentence": 20, "mask_index": 14, "mask_str": "oraz", "option1_str": ",", "option1_score": 0.8569, "option2_str": ".", "option2_score": 0.0438, "option3_str": "i", "option3_score": 0.0355}}, {"model": "quiz.fillmaskdata", "pk": 21, "fields": {"sentence": 1, "mask_index": 15, "mask_str": "spokrewnione", "option1_str": "który", "option1_score": 0.5835, "option2_str": "gdzie", "option2_score": 0.0895, "option3_str": "które", "option3_score": 0.04}}, {"model": "quiz.fillmaskdata", "pk": 22, "fields": {"sentence": 2, "mask_index": 3, "mask_str": "oceany", "option1_str": "ale", "option1_score": 0.2658, "option2_str": "jednak", "option2_score": 0.1669, "option3_str": "natomiast", "option3_score": 0.1151}}, {"model": "quiz.fillmaskdata", "pk": 23, "fields": {"sentence": 3, "mask_index": 5, "mask_str": "w", "option1_str": "centrum", "option1_score": 0.1993, "option2_str": "imperium", "option2_score": 0.0863, "option3_str": "-", "option3_score": 0.0458}}, {"model": "quiz.fillmaskdata", "pk": 24, "fields": {"sentence": 4, "mask_index": 4, "mask_str": "niezwykłej", "option1_str": ",", "option1_score": 0.6231, "option2_str": "i", "option2_score": 0.1804, "option3_str": "z", "option3_score": 0.0303}}, {"model": "quiz.fillmaskdata", "pk": 25, "fields": {"sentence": 1, "mask_index": 15, "mask_str": "spokrewnione", "option1_str": "który", "option1_score": 0.5835, "option2_str": "gdzie", "option2_score": 0.0895, "option3_str": "które", "option3_score": 0.04}}, {"model": "quiz.fillmaskdata", "pk": 26, "fields": {"sentence": 2, "mask_index": 3, "mask_str": "oceany", "option1_str": "ale", "option1_score": 0.2658, "option2_str": "jednak", "option2_score": 0.1669, "option3_str": "natomiast", "option3_score": 0.1151}}, {"model": "quiz.fillmaskdata", "pk": 27, "fields": {"sentence": 3, "mask_index": 5, "mask_str": "w", "option1_str": "centrum", "option1_score": 0.1993, "option2_str": "imperium", "option2_score": 0.0863, "option3_str": "-", "option3_score": 0.0458}}, {"model": "quiz.fillmaskdata", "pk": 28, "fields": {"sentence": 4, "mask_index": 4, "mask_str": "niezwykłej", "option1_str": ",", "option1_score": 0.6231, "option2_str": "i", "option2_score": 0.1804, "option3_str": "z", "option3_score": 0.0303}}, {"model": "quiz.fillmaskdata", "pk": 29, "fields": {"sentence": 1, "mask_index": 15, "mask_str": "spokrewnione", "option1_str": "który", "option1_score": 0.5835, "option2_str": "gdzie", "option2_score": 0.0895, "option3_str": "które", "option3_score": 0.04}}, {"model": "quiz.fillmaskdata", "pk": 30, "fields": {"sentence": 2, "mask_index": 3, "mask_str": "oceany", "option1_str": "ale", "option1_score": 0.2658, "option2_str": "jednak", "option2_score": 0.1669, "option3_str": "natomiast", "option3_score": 0.1151}}, {"model": "quiz.fillmaskdata", "pk": 31, "fields": {"sentence": 3, "mask_index": 5, "mask_str": "w", "option1_str": "centrum", "option1_score": 0.1993, "option2_str": "imperium", "option2_score": 0.0863, "option3_str": "-", "option3_score": 0.0458}}, {"model": "quiz.fillmaskdata", "pk": 32, "fields": {"sentence": 4, "mask_index": 4, "mask_str": "niezwykłej", "option1_str": ",", "option1_score": 0.6231, "option2_str": "i", "option2_score": 0.1804, "option3_str": "z", "option3_score": 0.0303}}, {"model": "quiz.fillmaskdata", "pk": 33, "fields": {"sentence": 1, "mask_index": 12, "mask_str": "rodziny", "option1_str": "i", "option1_score": 0.8815, "option2_str": "oraz", "option2_score": 0.0729, "option3_str": ",", "option3_score": 0.0237}}, {"model": "quiz.fillmaskdata", "pk": 34, "fields": {"sentence": 2, "mask_index": 7, "mask_str": "preferując", "option1_str": "jest", "option1_score": 0.7623, "option2_str": "w", "option2_score": 0.0807, "option3_str": "miasta", "option3_score": 0.0248}}, {"model": "quiz.fillmaskdata", "pk": 35, "fields": {"sentence": 3, "mask_index": 16, "mask_str": "do", "option1_str": "największego", "option1_score": 0.4531, "option2_str": "najlepszego", "option2_score": 0.3954, "option3_str": "pierwszego", "option3_score": 0.0185}}, {"model": "quiz.fillmaskdata", "pk": 36, "fields": {"sentence": 1, "mask_index": 15, "mask_str": "spokrewnione", "option1_str": "który", "option1_score": 0.5835, "option2_str": "gdzie", "option2_score": 0.0895, "option3_str": "które", "option3_score": 0.04}}, {"model": "quiz.fillmaskdata", "pk": 37, "fields": {"sentence": 21, "mask_index": 12, "mask_str": "i", "option1_str": "i", "option1_score": 0.951, "option2_str": "oraz", "option2_score": 0.0461, "option3_str": ",", "option3_score": 0.0014}}, {"model": "quiz.fillmaskdata", "pk": 38, "fields": {"sentence": 22, "mask_index": 9, "mask_str": "przyciągający", "option1_str": "przyciąga", "option1_score": 0.9528, "option2_str": "przyciągają", "option2_score": 0.0096, "option3_str": "wypełniony", "option3_score": 0.0058}}, {"model": "quiz.fillmaskdata", "pk": 39, "fields": {"sentence": 23, "mask_index": 8, "mask_str": "nowoczesne", "option1_str": "kulturalne", "option1_score": 0.3777, "option2_str": "handlowe", "option2_score": 0.1669, "option3_str": "polityczne", "option3_score": 0.087}}, {"model": "quiz.fillmaskdata", "pk": 40, "fields": {"sentence": 24, "mask_index": 0, "mask_str": "Maroko", "option1_str": "Egipt", "option1_score": 0.2517, "option2_str": "Miasto", "option2_score": 0.072, "option3_str": "Wybrzeże", "option3_score": 0.0714}}, {"model": "quiz.fillmaskdata", "pk": 41, "fields": {"sentence": 25, "mask_index": 14, "mask_str": "w", "option1_str": "w", "option1_score": 0.9996, "option2_str": "z", "option2_score": 0.0001, "option3_str": "przy", "option3_score": 0.0001}}, {"model": "quiz.fillmaskdata", "pk": 42, "fields": {"sentence": 26, "mask_index": 1, "mask_str": "Maroka", "option1_str": "miasta", "option1_score": 0.1994, "option2_str": "Afryki", "option2_score": 0.1031, "option3_str": "miasteczka", "option3_score": 0.0685}}, {"model": "quiz.fillmaskdata", "pk": 43, "fields": {"sentence": 27, "mask_index": 3, "mask_str": "islam,", "option1_str": "coś", "option1_score": 0.465, "option2_str": ",", "option2_score": 0.212, "option3_str": "to", "option3_score": 0.1985}}, {"model": "quiz.fillmaskdata", "pk": 44, "fields": {"sentence": 28, "mask_index": 9, "mask_str": "tagine,", "option1_str": ":", "option1_score": 0.2129, "option2_str": "zwłaszcza", "option2_score": 0.0916, "option3_str": "tu", "option3_score": 0.0837}}, {"model": "quiz.fillmaskdata", "pk": 45, "fields": {"sentence": 29, "mask_index": 8, "mask_str": "jest", "option1_str": "jest", "option1_score": 0.9827, "option2_str": "tu", "option2_score": 0.0033, "option3_str": "im", "option3_score": 0.0026}}, {"model": "quiz.fillmaskdata", "pk": 46, "fields": {"sentence": 30, "mask_index": 1, "mask_str": "posiada", "option1_str": "posiada", "option1_score": 0.6476, "option2_str": "ma", "option2_score": 0.1172, "option3_str": "to", "option3_score": 0.112}}, {"model": "quiz.fillmaskdata", "pk": 47, "fields": {"sentence": 31, "mask_index": 4, "mask_str": "robi", "option1_str": "robi", "option1_score": 0.9268, "option2_str": "sprawia", "option2_score": 0.0398, "option3_str": "zrobił", "option3_score": 0.0075}}, {"model": "quiz.fillmaskdata", "pk": 48, "fields": {"sentence": 32, "mask_index": 11, "mask_str": "centrami", "option1_str": "centrum", "option1_score": 0.5108, "option2_str": "ośrodkiem", "option2_score": 0.169, "option3_str": "miejscem", "option3_score": 0.1289}}, {"model": "quiz.fillmaskdata", "pk": 49, "fields": {"sentence": 33, "mask_index": 0, "mask_str": "Obecnie", "option1_str": "Nasz", "option1_score": 0.545, "option2_str": "Ten", "option2_score": 0.1136, "option3_str": "Obecnie", "option3_score": 0.0909}}, {"model": "quiz.fillmaskdata", "pk": 50, "fields": {"sentence": 34, "mask_index": 6, "mask_str": "–", "option1_str": ":", "option1_score": 0.3184, "option2_str": ",", "option2_score": 0.2736, "option3_str": "–", "option3_score": 0.2059}}, {"model": "quiz.fillmaskdata", "pk": 51, "fields": {"sentence": 35, "mask_index": 5, "mask_str": "słynący", "option1_str": "znany", "option1_score": 0.4064, "option2_str": "słynie", "option2_score": 0.1693, "option3_str": "znana", "option3_score": 0.1244}}, {"model": "quiz.fillmaskdata", "pk": 52, "fields": {"sentence": 36, "mask_index": 10, "mask_str": "oferuje", "option1_str": "oferuje", "option1_score": 0.4149, "option2_str": "zapewnia", "option2_score": 0.1467, "option3_str": "–", "option3_score": 0.1316}}, {"model": "quiz.fillmaskdata", "pk": 53, "fields": {"sentence": 37, "mask_index": 16, "mask_str": "wpływy", "option1_str": "tradycje", "option1_score": 0.2737, "option2_str": "wpływy", "option2_score": 0.1969, "option3_str": "korzenie", "option3_score": 0.136}}, {"model": "quiz.fillmaskdata", "pk": 54, "fields": {"sentence": 38, "mask_index": 7, "mask_str": "której", "option1_str": "której", "option1_score": 0.9112, "option2_str": "którym", "option2_score": 0.0228, "option3_str": "muzyce", "option3_score": 0.0171}}, {"model": "quiz.fillmaskdata", "pk": 55, "fields": {"sentence": 39, "mask_index": 10, "mask_str": "mozaik", "option1_str": "…", "option1_score": 0.3601, "option2_str": ".", "option2_score": 0.1083, "option3_str": "form", "option3_score": 0.0368}}, {"model": "quiz.fillmaskdata", "pk": 56, "fields": {"sentence": 40, "mask_index": 6, "mask_str": "pomostu", "option1_str": "pośrednika", "option1_score": 0.8765, "option2_str": "porozumienia", "option2_score": 0.012, "option3_str": "partnera", "option3_score": 0.0119}}, {"model": "quiz.fillmaskdata", "pk": 57, "fields": {"sentence": 41, "mask_index": 11, "mask_str": "ludzkiego", "option1_str": "ludzkiego", "option1_score": 0.7078, "option2_str": "naszego", "option2_score": 0.0844, "option3_str": "własnego", "option3_score": 0.047}}, {"model": "quiz.fillmaskdata", "pk": 58, "fields": {"sentence": 42, "mask_index": 8, "mask_str": "sobą", "option1_str": "sobą", "option1_score": 0.9962, "option2_str": "siebie", "option2_score": 0.0014, "option3_str": "nimi", "option3_score": 0.0009}}, {"model": "quiz.fillmaskdata", "pk": 59, "fields": {"sentence": 43, "mask_index": 8, "mask_str": "wagi,", "option1_str": ",", "option1_score": 0.6224, "option2_str": "wartości", "option2_score": 0.0331, "option3_str": "i", "option3_score": 0.0284}}, {"model": "quiz.fillmaskdata", "pk": 60, "fields": {"sentence": 44, "mask_index": 13, "mask_str": "zauważenia", "option1_str": "zrozumienia", "option1_score": 0.4368, "option2_str": "wykrycia", "option2_score": 0.0797, "option3_str": "osiągnięcia", "option3_score": 0.0756}}, {"model": "quiz.fillmaskdata", "pk": 61, "fields": {"sentence": 45, "mask_index": 1, "mask_str": "się", "option1_str": "się", "option1_score": 0.5795, "option2_str": "–", "option2_score": 0.2325, "option3_str": "-", "option3_score": 0.01}}, {"model": "quiz.fillmaskdata", "pk": 62, "fields": {"sentence": 46, "mask_index": 3, "mask_str": "sieci,", "option1_str": ",", "option1_score": 0.0728, "option2_str": ".", "option2_score": 0.0372, "option3_str": "takich", "option3_score": 0.0307}}, {"model": "quiz.fillmaskdata", "pk": 63, "fields": {"sentence": 47, "mask_index": 0, "mask_str": "in", "option1_str": "?", "option1_score": 0.1582, "option2_str": "•", "option2_score": 0.1095, "option3_str": "→", "option3_score": 0.0987}}, {"model": "quiz.fillmaskdata", "pk": 64, "fields": {"sentence": 48, "mask_index": 0, "mask_str": "perceptrony", "option1_str": "sieci", "option1_score": 0.7662, "option2_str": "Sieci", "option2_score": 0.0797, "option3_str": ",", "option3_score": 0.0125}}, {"model": "quiz.fillmaskdata", "pk": 65, "fields": {"sentence": 49, "mask_index": 3, "mask_str": "się", "option1_str": "się", "option1_score": 0.9986, "option2_str": "sie", "option2_score": 0.0013, "option3_str": "sią", "option3_score": 0.0}}, {"model": "quiz.fillmaskdata", "pk": 66, "fields": {"sentence": 50, "mask_index": 2, "mask_str": "który", "option1_str": "który", "option1_score": 0.9787, "option2_str": "które", "option2_score": 0.0055, "option3_str": "która", "option3_score": 0.0023}}, {"model": "quiz.fillmaskdata", "pk": 67, "fields": {"sentence": 51, "mask_index": 4, "mask_str": "dziś", "option1_str": "obecnie", "option1_score": 0.2767, "option2_str": "dziś", "option2_score": 0.2152, "option3_str": "dzisiaj", "option3_score": 0.0739}}, {"model": "quiz.fillmaskdata", "pk": 68, "fields": {"sentence": 52, "mask_index": 10, "mask_str": "danych", "option1_str": "czasu", "option1_score": 0.2021, "option2_str": "pamięci", "option2_score": 0.198, "option3_str": "zasobów", "option3_score": 0.086}}, {"model": "quiz.fillmaskdata", "pk": 69, "fields": {"sentence": 53, "mask_index": 6, "mask_str": "do", "option1_str": "do", "option1_score": 0.8941, "option2_str": "szybkiej", "option2_score": 0.0459, "option3_str": "ich", "option3_score": 0.0097}}, {"model": "quiz.fillmaskdata", "pk": 70, "fields": {"sentence": 54, "mask_index": 2, "mask_str": "jest", "option1_str": "jest", "option1_score": 0.7863, "option2_str": "są", "option2_score": 0.1514, "option3_str": "będzie", "option3_score": 0.0081}}, {"model": "quiz.fillmaskdata", "pk": 71, "fields": {"sentence": 55, "mask_index": 5, "mask_str": "dawać", "option1_str": "dawać", "option1_score": 0.1962, "option2_str": "osiągnąć", "option2_score": 0.17, "option3_str": "dać", "option3_score": 0.1125}}, {"model": "quiz.fillmaskdata", "pk": 72, "fields": {"sentence": 56, "mask_index": 18, "mask_str": "czy", "option1_str": "i", "option1_score": 0.6585, "option2_str": "oraz", "option2_score": 0.1656, "option3_str": ",", "option3_score": 0.0945}}, {"model": "quiz.fillmaskdata", "pk": 73, "fields": {"sentence": 57, "mask_index": 10, "mask_str": "jak", "option1_str": "jak", "option1_score": 0.9993, "option2_str": "jako", "option2_score": 0.0002, "option3_str": "niż", "option3_score": 0.0}}, {"model": "quiz.fillmaskdata", "pk": 74, "fields": {"sentence": 58, "mask_index": 1, "mask_str": "nim", "option1_str": "niemu", "option1_score": 0.3216, "option2_str": "temu", "option2_score": 0.2995, "option3_str": "nim", "option3_score": 0.2734}}, {"model": "quiz.fillmaskdata", "pk": 75, "fields": {"sentence": 59, "mask_index": 2, "mask_str": "neuronowych", "option1_str": "komputerowych", "option1_score": 0.4756, "option2_str": "komputerowej", "option2_score": 0.1411, "option3_str": "internetowej", "option3_score": 0.0859}}, {"model": "quiz.fillmaskdata", "pk": 76, "fields": {"sentence": 60, "mask_index": 6, "mask_str": "również", "option1_str": "również", "option1_score": 0.2211, "option2_str": "także", "option2_score": 0.1801, "option3_str": "nowe", "option3_score": 0.1482}}, {"model": "quiz.fillmaskanswer", "pk": 1, "fields": {"sentence": 5, "ans": 2, "note": "adawdawd"}}, {"model": "quiz.fillmaskanswer", "pk": 2, "fields": {"sentence": 5, "ans": 1, "note": "qedqef"}}, {"model": "quiz.fillmaskanswer", "pk": 3, "fields": {"sentence": 6, "ans": 1, "note": ""}}, {"model": "quiz.fillmaskanswer", "pk": 4, "fields": {"sentence": 6, "ans": 1, "note": ""}}, {"model": "quiz.fillmaskanswer", "pk": 5, "fields": {"sentence": 6, "ans": 3, "note": ""}}, {"model": "quiz.fillmaskanswer", "pk": 6, "fields": {"sentence": 6, "ans": 2, "note": ""}}, {"model": "quiz.fillmaskanswer", "pk": 7, "fields": {"sentence": 6, "ans": 3, "note": ""}}, {"model": "quiz.fillmaskanswer", "pk": 8, "fields": {"sentence": 6, "ans": 1, "note": ""}}, {"model": "quiz.fillmaskanswer", "pk": 9, "fields": {"sentence": 6, "ans": 1, "note": ""}}, {"model": "quiz.fillmaskanswer", "pk": 10, "fields": {"sentence": 6, "ans": 2, "note": ""}}, {"model": "quiz.fillmaskanswer", "pk": 11, "fields": {"sentence": 6, "ans": 2, "note": ""}}, {"model": "quiz.fillmaskanswer", "pk": 12, "fields": {"sentence": 6, "ans": 2, "note": ""}}, {"model": "quiz.fillmaskanswer", "pk": 13, "fields": {"sentence": 6, "ans": 1, "note": ""}}, {"model": "quiz.fillmaskanswer", "pk": 14, "fields": {"sentence": 6, "ans": 1, "note": ""}}, {"model": "quiz.fillmaskanswer", "pk": 15, "fields": {"sentence": 6, "ans": 1, "note": ""}}, {"model": "quiz.fillmaskanswer", "pk": 16, "fields": {"sentence": 6, "ans": 2, "note": ""}}, {"model": "quiz.fillmaskanswer", "pk": 17, "fields": {"sentence": 6, "ans": 1, "note": ""}}, {"model": "quiz.fillmaskanswer", "pk": 18, "fields": {"sentence": 6, "ans": 3, "note": ""}}, {"model": "quiz.fillmaskanswer", "pk": 19, "fields": {"sentence": 2, "ans": 1, "note": ""}}, {"model": "quiz.fillmaskanswer", "pk": 20, "fields": {"sentence": 1, "ans": 2, "note": ""}}, {"model": "quiz.fillmaskanswer", "pk": 21, "fields": {"sentence": 2, "ans": 1, "note": ""}}, {"model": "quiz.fillmaskanswer", "pk": 22, "fields": {"sentence": 3, "ans": 2, "note": ""}}, {"model": "quiz.fillmaskanswer", "pk": 23, "fields": {"sentence": 4, "ans": 3, "note": ""}}, {"model": "quiz.fillmaskanswer", "pk": 24, "fields": {"sentence": 1, "ans": 3, "note": "dawdawd"}}, {"model": "quiz.fillmaskanswer", "pk": 25, "fields": {"sentence": 41, "ans": 3, "note": ""}}, {"model": "quiz.fillmaskanswer", "pk": 26, "fields": {"sentence": 42, "ans": 1, "note": ""}}, {"model": "quiz.fillmaskanswer", "pk": 27, "fields": {"sentence": 41, "ans": 3, "note": ""}}, {"model": "quiz.fillmaskanswer", "pk": 28, "fields": {"sentence": 42, "ans": 2, "note": ""}}, {"model": "quiz.fillmaskanswer", "pk": 29, "fields": {"sentence": 43, "ans": 2, "note": "afdawdawd"}}]